X,Y,Grant.ID,fullAddress,OBJECTID,UNIT_COUNT,CNTY_FIPS,COUNTY,MSSA_ID,MSSA_NAME,DEFINITION,POPDENSITY,AREA_SQMI,POP,PCSA,PCSA_SCORE,PC_PHYS,PC_PHYS_R_,POVScore,PHYSRatioS,Shape__Are,Shape__Len
-117.354501,33.97587198,2253193-2223,"1971 University Ave, Riverside, CA 92507",79,22,65,Riverside,135a,Eastside/Fairmont Park/Riverside Downtown/Rubidoux/University,Urban,3015.781677,0.9582344,37607,Yes,8,46,2190.565217,5,3,0.009008183,0.773621201
-121.28826,37.97041198,2253262-2223,"1800 N California Street, Stockton, CA 95204",186,20,77,San Joaquin,169a,Stockton North Central/Stockton Northeast,Urban,7088.135976,0.19981451,63155,Yes,5,182,532.1648352,5,0,0.003687086,0.417598879
-124.142202,40.78521202,2253198-2223,"2350 Buhne Road, Eureka, CA 95501",367,15,23,Humboldt,39,Arcata/Eureka,Rural,164.3667295,3.71906266,65515,No,4,89,800.6292135,4,0,0.121988417,3.135899831
-118.2302306,34.15290527,2253278-2223,"1560 E Chevy Chase Dr Suite 355, Glendale, CA 91206",440,23,37,Los Angeles,78.2ee,Atwater Village/Glendale Central/Glendale Southwest/Griffith Park,Urban,6135.87099,0.5192441,77132,No,2,171,569.4795322,2,0,0.003931705,0.399612119
-122.4066633,37.75729619,2253292-2223,"995 Potrero Ave, San Francisco, CA 94110",173,24,75,San Francisco,162c,Bernal Heights/Mission District/Potrero Hill,Urban,22965.93635,0.21027477,75633,No,2,394,284.9746193,2,0,0.001287315,0.370995565
-117.748988,34.07627301,2253192-2223,"1770 N. Orange Grove Ave. Suite 201, Pomona, CA 91767",492,24,37,Los Angeles,78.2tt,Claremont/La Verne/Pomona Northwest/San Dimas,Urban,2606.978317,2.18304024,81227,No,1,156,730.6346154,1,0,0.011456429,0.648636511
-117.154383,33.54643301,2284863-2223,"39765 Date St, Murrieta, CA 92563",72,20,65,Riverside,131b,French Valley/Murrieta East/Temecula/Winchester,Urban,864.0639924,1.92411456,108589,Yes,5,55,2746.472727,1,4,0.041943541,0.995479377
-118.2991411,33.82982767,2253238-2223,"21840 Normandie Ave, Torrance, CA 90502",426,25,37,Los Angeles,78.2aaaa,Harbor Gateway South/Lomita/Torrance East Central,Urban,6190.362246,0.13029728,72080,No,2,512,223.6582031,2,0,0.00462218,0.377261181
-119.253612,34.27777602,2253209-2223,"300 Hillmont St, Ventura, CA 93003",324,20,111,Ventura,241c,Ventura,Urban,2739.863232,1.632153,59925,No,2,262,340.1908397,2,0,0.008279773,0.609968288
-122.2578839,37.82397464,2253235-2223,"275  W MacArthur Blvd GME Suite 43, Oakland, CA 94611",351,31,1,Alameda,2m,Dimond/Montclair/Oakland East/Oakmore/Piedmont/Piedmont Pines/Trestle Glen,Urban,6779.534545,0.75509147,104862,No,2,400,294.405,2,0,0.004583226,0.494447115
-118.184132,33.95455999,2253259-2223,"8627 Atlantic Ave, South Gate, CA 90280",490,19,37,Los Angeles,78.2sss,Downey Southwest/Lynwood North Central/South Gate East,Urban,10675.96381,0.75802301,13507,No,4,76,1274.460526,3,1,0.002308615,0.415337631
-119.2949189,36.3278877,2253185-2223,"400 W. Mineral King Ave., Visalia, CA 93291",310,24,107,Tulare,233,Farmersville/Goshen/Visalia,Urban,944.9285908,0.60894207,74158,Yes,5,142,1045.943662,4,1,0.040688303,1.076558155
-117.103536,33.480371,2253265-2223,"31720 Temecula Parkway, Ste. 200, Temecula, CA 92592",73,14,65,Riverside,131c,Temecula South,Urban,537.1240961,35.92085968,66199,No,2,78,1105.179487,1,1,0.038718163,1.294424377
-122.385195,40.58304001,2253197-2223,"1035 Placer Street, Redding, CA 96001",240,26,89,Shasta,189.2,Redding,Urban,1000.447898,1.92761619,91306,No,3,174,562.816092,3,0,0.027502025,1.039755628
-122.359481,37.933715,2253261-2223,"150 Harbour Way, Richmond, CA 94801",247,18,13,Contra Costa,18f,Richmond Central/San Pablo Central,Urban,5410.241094,0.75650291,46293,No,4,107,947,4,0,0.00489551,0.602327644
-118.98228,35.39664099,2253239-2223,"1111 Columbus Street, Bakersfield, CA 93305",394,24,29,Kern,66b,Bakersfield East/Lakeview/La Loma,Urban,3675.476769,1.03329319,38446,Yes,9,49,2917.877551,5,4,0.009839742,0.449317537
-118.292118,34.09779799,2253236-2223,"4700 Sunset Blvd, Los Angeles, CA 90027",447,33,37,Los Angeles,78.2g,Hollywood South Central/Inner Sunset,Urban,22439.54133,0.13156428,52412,Yes,5,757,150.9431968,5,0,0.001300042,0.208460088
-119.765829,36.83528101,2253277-2223,"1303 E Herndon Ave, Fresno, CA 93720",362,20,19,Fresno,35f,Fresno North Central,Urban,4924.583951,0.50077386,50063,Yes,5,106.8333333,749.1950078,5,0,0.004292648,0.383765263
-122.7296271,38.47974218,2253201-2223,"3569 Round Barn Circle, Santa Rosa, CA 95403",276,36,97,Sonoma,210.1,Santa Rosa,Urban,1102.480371,8.0073079,140493,No,2,359,540.7465181,2,0,0.046658835,1.419229067
-122.404931,37.75558799,2253169-2223,"1001 Potrero Avenue, San Francisco, CA 94110",173,24,75,San Francisco,162c,Bernal Heights/Mission District/Potrero Hill,Urban,22965.93635,0.21027477,75633,No,2,394,284.9746193,2,0,0.001287315,0.370995565
-117.868008,33.75133299,2253203-2223,"800 N Main St, Santa Ana, CA 92701",30,16,59,Orange,116b,Santa Ana Central,Urban,19240.88463,0.20953965,11121,Yes,7,68,1654.926471,5,2,0.001527458,0.217099919
-119.878379,36.79305399,2253208-2223,"4711 West Ashlan Avenue, Fresno, CA 93722",361,18,19,Fresno,35e,Fresno South and West,Urban,3869.075443,1.3140719,35953,Yes,10,7,13009.85714,5,5,0.006099874,0.583934185
-118.88241,34.207455,2253273-2223,"215 W Janss Rd, Thousand Oaks, CA 91360",320,24,111,Ventura,240b,Thousand Oaks Central and West,Urban,850.1758485,1.84624822,93621,No,1,156,717.6153846,1,0,0.034415562,0.939347461
-119.645478,36.33611801,2253171-2223,"1025 N Douty St, Hanford, CA 93230",399,19,31,Kings,69,Armona/Hanford/Lemoore,Urban,262.4376378,25.62183514,59224,Yes,5,67,1566.029851,3,2,0.105948952,1.643727328
-117.924919,34.067268,2253176-2223,"420 S. Glendora Ave, West Covina, CA 91790",502,28,37,Los Angeles,78.2www,Valinda/West Covina,Urban,7206.198535,0.34132143,49898,No,2,140,917.4571429,2,0,0.004443462,0.436331114
-118.196244,34.10759698,2253283-2223,"5420 N Figueroa St, Los Angeles, CA 90042",455,34,37,Los Angeles,78.2i,El Sereno North/Highland Park/Montecito Heights/Monterey Hills,Urban,12132.26458,0.33697908,29797,Yes,8,53,2276.641509,5,3,0.002544576,0.364269935
-117.275864,34.13502001,2253291-2223,"2101 N. Waterman Ave, San Bernardino, CA 92404",128,23,71,San Bernardino,151k,Highland/San Bernardino East,Urban,4287.922478,0.50097747,53278,Yes,6,111,1065.531532,5,1,0.007192029,0.497433918
-117.75052,34.04316001,2253286-2223,"1555 S Garey Ave, Pomona, CA 91766",489,23,37,Los Angeles,78.2ss,Pomona East and South,Urban,8383.611526,0.69817415,28451,Yes,6,69,1670.855072,4,2,0.003513707,0.374058476
-122.132918,38.00681501,2253179-2223,"2500 Alhambra, Martinez, CA 94553",242,17,13,Contra Costa,18a,Crockett/Hercules/Martinez West/Pinole/Port Costa/Richmond Northeast/Rodeo,Urban,1039.076704,0.24155107,69975,No,1,248,353.2459677,1,0,0.022054904,1.047739725
-121.052455,37.70650902,2253269-2223,"4601 Dale Road, Modesto, CA 95356",284,15,99,Stanislaus,215a,Modesto West,Urban,2556.020461,0.67715032,55311,No,3,196.5,409.2569975,3,0,0.008311277,0.60310799
-118.348158,33.95073801,2253285-2223,"555 E Hardy St, Inglewood, CA 90301",482,25,37,Los Angeles,78.2q,Del Aire/Inglewood West/Los Angeles International Airport,Urban,5166.28456,0.3796563,54773,No,3,129,782.4651163,3,0,0.004925678,0.409185401
-120.995865,37.664118,2253207-2223,"1400 Florida Ave Suite 102, Modesto, CA 95350",284,15,99,Stanislaus,215a,Modesto West,Urban,2556.020461,0.67715032,55311,No,3,196.5,409.2569975,3,0,0.008311277,0.60310799
-119.33212,36.23476098,2253266-2223,"2059 Hillman St, Tulare, CA 93274",307,15,107,Tulare,230,Tipton/Tulare/Woodville,Rural,220.1281827,1.00112947,31467,Yes,7,38,2008.026316,4,3,0.089478216,1.397097766
-117.297745,34.47172702,2253287-2223,"16850 Bear Valley Rd, Victorville, CA 92395",108,25,71,San Bernardino,145.1a,Hesperia West/Mountain View Acres/Victorville Central and South,Urban,1020.402681,6.6742517,90607,Yes,6,98.33333333,1850.044068,4,2,0.044414175,1.045505301
-121.4813254,38.57055663,2253205-2223,"1500 21st Street, Sacramento, CA 95811",98,30,67,Sacramento,139j,Capitol Park/Del Paso Heights/Downtown/Gardenland/North Sacramento,Urban,3793.154964,2.17485217,81441,Yes,6,117,1054.478632,5,1,0.00869414,0.820793997
-118.208376,34.05799598,2253256-2223,"1200 North State St, Los Angeles, CA 90033",446,32,37,Los Angeles,78.2ffff,Boyle Heights Northwest/Chinatown/Downtown Northwest/Little Tokyo/Westlake,Urban,16209.12804,0.33727432,44315,Yes,5,917,105.8898582,5,0,0.001634674,0.332299999
-118.2085704,34.05720254,2253170-2223,"1983 Marengo Street, Los Angeles, CA 90033",446,32,37,Los Angeles,78.2ffff,Boyle Heights Northwest/Chinatown/Downtown Northwest/Little Tokyo/Westlake,Urban,16209.12804,0.33727432,44315,Yes,5,917,105.8898582,5,0,0.001634674,0.332299999
-117.152085,32.79869101,2253246-2223,"3020 Children's Way, San Diego, CA 92123",150,25,73,San Diego,161b,Bay Park/Five Points/Hillcrest Northwest/Mission Hills/Mission Valley/Morena/Normal Heights/Old Town/Serra Mesa,Urban,5302.957947,0.65211843,81628,No,2,825,120.7321212,2,0,0.004715697,0.505206668
-117.299301,34.09693998,2253241-2223,"250 S G Street, San Bernardino, CA 92410",124,23,71,San Bernardino,151g,Muscoy/San Bernardino Central,Urban,5086.512783,1.48810372,40916,Yes,9,49,2560.122449,5,4,0.006289194,0.474749639
-117.299301,34.09693998,2253186-2223,"250 S G Street, San Bernardino, CA 92410",124,23,71,San Bernardino,151g,Muscoy/San Bernardino Central,Urban,5086.512783,1.48810372,40916,Yes,9,49,2560.122449,5,4,0.006289194,0.474749639
-117.264076,34.04954698,2253162-2223,"11234 Anderson Street, Loma Linda, CA 92354",126,19,71,San Bernardino,151i,Colton Southeast/Grand Terrace/Loma Linda/Redlands North,Urban,2159.018998,1.3636069,67874,No,3,393.5,265.1689962,3,0,0.012300156,0.856231952
-117.299301,34.09693998,2253218-2223,"250 S G Street, San Bernardino, CA 92410",124,23,71,San Bernardino,151g,Muscoy/San Bernardino Central,Urban,5086.512783,1.48810372,40916,Yes,9,49,2560.122449,5,4,0.006289194,0.474749639
-117.299301,34.09693998,2253237-2223,"250 S G Street, San Bernardino, CA 92410",124,23,71,San Bernardino,151g,Muscoy/San Bernardino Central,Urban,5086.512783,1.48810372,40916,Yes,9,49,2560.122449,5,4,0.006289194,0.474749639
-121.4553856,38.55204268,2253255-2223,"2521 Stockton Blvd, Suite 4200, Sacramento, CA 95817",94,26,67,Sacramento,139f,Florin/Fruitridge/Oak Park/Parkway/South Sacramento,Urban,6809.313697,0.53533903,77344,Yes,5,410,300.9243902,5,0,0.004766023,0.349670944
-121.4526676,38.54612635,2253250-2223,"4600 Broadway, Sacramento, CA 95820",94,26,67,Sacramento,139f,Florin/Fruitridge/Oak Park/Parkway/South Sacramento,Urban,6809.313697,0.53533903,77344,Yes,5,410,300.9243902,5,0,0.004766023,0.349670944
-117.381264,33.97663201,2253279-2223,"4445 Magnolia, Riverside, CA 92501",79,22,65,Riverside,135a,Eastside/Fairmont Park/Riverside Downtown/Rubidoux/University,Urban,3015.781677,0.9582344,37607,Yes,8,46,2190.565217,5,3,0.009008183,0.773621201
-117.381264,33.97663201,2253223-2223,"4445 Magnolia Ave, Riverside, CA 92501",79,22,65,Riverside,135a,Eastside/Fairmont Park/Riverside Downtown/Rubidoux/University,Urban,3015.781677,0.9582344,37607,Yes,8,46,2190.565217,5,3,0.009008183,0.773621201
-118.970759,35.38255398,2253161-2223,"1700 Mount Vernon Avenue, Bakersfield, CA 93306",394,24,29,Kern,66b,Bakersfield East/Lakeview/La Loma,Urban,3675.476769,1.03329319,38446,Yes,9,49,2917.877551,5,4,0.009839742,0.449317537
-117.183718,33.558878,2285467-2223,"25500 Medical Center Dr, Murrieta, CA 92562",71,25,65,Riverside,131a,Lake Elsinore/Murrieta West/Sedco Hills/Wildomar,Urban,877.4406704,3.72020591,88575,Yes,5,68,2204.676471,2,3,0.04166562,1.215364486
-118.241754,33.92397199,2253175-2223,"1670 East 120th Street, Los Angeles, CA 90059",478,26,37,Los Angeles,78.2ooo,Paramount North/Willowbrook,Urban,12505.95701,0.26095104,32260,Yes,10,41,3354.268293,5,5,0.002728319,0.574800082
-123.204511,39.15340702,2253172-2223,"260 Hospital Drive, Suite 103, Ukiah, CA 95482",530,5,45,Mendocino,93.1,Ukiah,Rural,116.7373993,2.03254889,19533,No,4,44.5,619.505618,4,0,0.06595052,2.068211396
-118.917902,35.37700801,2253177-2223,"7800 Niles St, Bakersfield, CA 93306",393,21,29,Kern,66a,Bakersfield Northeast/Oildale,Urban,627.8763742,1.0975318,62656,No,4,199,536.9798995,4,0,0.043220388,1.31935357
-117.168009,33.71954802,2253221-2223,"28400 McCall Blvd, Sun City, CA 92685",75,30,65,Riverside,133.1,Canyon Lake/Perris/Quail Valley/Romoland/Sun City/Winchester,Urban,1216.16862,10.63019521,91265,Yes,8,43,4254,3,5,0.036537039,1.347775299
-122.404931,37.75558799,2253253-2223,"1001 Potrero Ave, San Francisco, CA 94110",173,24,75,San Francisco,162c,Bernal Heights/Mission District/Potrero Hill,Urban,22965.93635,0.21027477,75633,No,2,394,284.9746193,2,0,0.001287315,0.370995565
-119.78404,36.742852,2253167-2223,"2823 Fresno St., Fresno, CA 93721",359,20,19,Fresno,35c,Fresno West Central,Urban,6845.721182,0.49553136,35392,Yes,5,109.1666667,749.6610687,5,0,0.003206182,0.252897002
-117.868008,33.75133299,2286876-2223,"800 N. Main St, Orange, CA 92701",30,16,59,Orange,116b,Santa Ana Central,Urban,19240.88463,0.20953965,11121,Yes,7,68,1654.926471,5,2,0.001527458,0.217099919
-117.075383,32.62859001,2253196-2223,"678 Third ave, Chula Vista, CA 91910",159,18,73,San Diego,161k,Chula Vista Central and Northwest/National City West,Urban,7747.189037,0.28329004,23371,Yes,5,131,585.0610687,5,0,0.002570529,0.335271078
-122.231684,37.79828801,2253156-2223,"1411 East 31st Street, Oakland, CA 94602",341,29,1,Alameda,2c,Oakland West Central,Urban,10976.16847,0.08793611,68948,Yes,5,354.5,242.1382229,5,0,0.002002612,0.387876428
-118.265103,34.036729,2286416-2223,"1400 South Grand Avenue, Suite 101, Los Angeles, CA 90015",446,32,37,Los Angeles,78.2ffff,Boyle Heights Northwest/Chinatown/Downtown Northwest/Little Tokyo/Westlake,Urban,16209.12804,0.33727432,44315,Yes,5,917,105.8898582,5,0,0.001634674,0.332299999
-121.282416,37.88664802,2253224-2223,"500 W. Hospital Rd, French Camp, CA 95231",187,31,77,San Joaquin,169b,French Camp/Stockton South/Stockton Southeast,Urban,1568.284965,16.20096385,55734,Yes,6,134,1034.261194,5,1,0.023672387,0.867501015
-117.350598,34.073509,2253212-2223,"400 N. Pepper Ave., Colton, CA 92324",123,26,71,San Bernardino,151f,Bloomington/Colton Central and West/Fontana South/Rialto South,Urban,3523.815029,1.00146442,28253,No,4,468,309.1452992,4,0,0.010538776,0.633237979
-116.969778,33.79513698,2253280-2223,"651 N. State St. Suite 5, San Jacinto, CA 92583",74,32,65,Riverside,132,East Hemet/Hemet/Valle Vista,Urban,1312.11894,0.50024918,86327,Yes,6,93,1564.096774,4,2,0.027199986,0.913926331
-118.193076,33.80692001,2253220-2223,"2776 Pacific Avenue, Long Beach, CA 90806",469,27,37,Los Angeles,78.2lll,Bixby Knolls/Long Beach Central,Urban,7556.453921,0.35096251,74183,No,2,274,404.1569343,2,0,0.003680429,0.408778897
-118.88241,34.207455,2286485-2223,"215 W Janss Rd, Thousand Oaks, CA 91360",320,24,111,Ventura,240b,Thousand Oaks Central and West,Urban,850.1758485,1.84624822,93621,No,1,156,717.6153846,1,0,0.034415562,0.939347461
-117.350598,34.073509,2253157-2223,"400 N. Pepper Ave., Colton, CA 92324",123,26,71,San Bernardino,151f,Bloomington/Colton Central and West/Fontana South/Rialto South,Urban,3523.815029,1.00146442,28253,No,4,468,309.1452992,4,0,0.010538776,0.633237979
-117.350598,34.073509,2253233-2223,"400 N. Pepper Ave., Colton, CA 92324",123,26,71,San Bernardino,151f,Bloomington/Colton Central and West/Fontana South/Rialto South,Urban,3523.815029,1.00146442,28253,No,4,468,309.1452992,4,0,0.010538776,0.633237979
-118.301841,33.798843,2253187-2223,"1403 W Lomita Boulevard 2nd floor, Harbor City, CA 90710",426,25,37,Los Angeles,78.2aaaa,Harbor Gateway South/Lomita/Torrance East Central,Urban,6190.362246,0.13029728,72080,No,2,512,223.6582031,2,0,0.00462218,0.377261181
-118.295055,34.09882398,2253216-2223,"4867 Sunset Blvd, Los Angeles, CA 90027",447,33,37,Los Angeles,78.2g,Hollywood South Central/Inner Sunset,Urban,22439.54133,0.13156428,52412,Yes,5,757,150.9431968,5,0,0.001300042,0.208460088
-118.217259,34.05133199,2253232-2223,"1701 Cesar E. Chavez Ave, Suite 200, Los Angeles, CA 90033",446,32,37,Los Angeles,78.2ffff,Boyle Heights Northwest/Chinatown/Downtown Northwest/Little Tokyo/Westlake,Urban,16209.12804,0.33727432,44315,Yes,5,917,105.8898582,5,0,0.001634674,0.332299999
-122.404931,37.75558799,2253247-2223,"1001 Potrero Avenue CHC, San Francisco, CA 94110",173,24,75,San Francisco,162c,Bernal Heights/Mission District/Potrero Hill,Urban,22965.93635,0.21027477,75633,No,2,394,284.9746193,2,0,0.001287315,0.370995565
-120.76443,38.35043901,2253271-2223,"200 Mission Boulevard, Jackson, CA 95642",368,6,5,Amador,4,Ione/Jackson/Pine Grove/Sutter Creek,Rural,95.55088243,43.72091242,22919,No,2,34,704.8529412,2,0,0.074114357,1.874325744
-118.202647,34.06261902,2253270-2223,"1520 San Pablo Street, Suite 1300, Los Angeles, CA 90033",446,32,37,Los Angeles,78.2ffff,Boyle Heights Northwest/Chinatown/Downtown Northwest/Little Tokyo/Westlake,Urban,16209.12804,0.33727432,44315,Yes,5,917,105.8898582,5,0,0.001634674,0.332299999
-117.297745,34.47172702,2253284-2223,"16850 Bear Valley Road, Victorville, CA 92395",108,25,71,San Bernardino,145.1a,Hesperia West/Mountain View Acres/Victorville Central and South,Urban,1020.402681,6.6742517,90607,Yes,6,98.33333333,1850.044068,4,2,0.044414175,1.045505301
-122.408725,37.799941,2288639-2223,"1520 Stockton St, San Francisco, CA 94133",171,28,75,San Francisco,162a,Chinatown/Civic Center/Inner Mission/North Beach/South of Market/Tenderloin/Western Addition,Urban,23000.87124,0.03577165,97002,No,4,218,508.1238532,4,0,0.001251001,0.541230882
-118.47683,34.02521901,2253202-2223,"1920 Colorado Avenue, Santa Monica, CA 90404",509,21,37,Los Angeles,78.2z,Mar Vista/Ocean Park/Santa Monica South/Venice,Urban,12568.32789,0.39126731,55465,No,3,55,1440.854545,2,1,0.001589737,0.320586013
-121.4657138,38.57007655,2288524-2223,"1201 Alhambra Boulevard, Sacramento, CA 95816",97,22,67,Sacramento,139i,Greenhaven/Land Park/Midtown/Pocket/Riverside/Sutterville,Urban,5573.670218,0.46837865,70977,No,1,235,355.2893617,1,0,0.004016187,0.405182177
-116.542738,33.83862599,2253158-2223,"1150 N. Indian Canyon Drive, Palm Springs, CA 92263",69,36,65,Riverside,129.4,Cathedral City Southeast/Palm Desert North/Palm Springs South/Rancho Mirage North,Urban,466.9886161,5.02623073,70564,Yes,5,129,1089.139535,4,1,0.07367544,1.633848223
-119.800273,36.88394102,2253252-2223,"9300 Valley Children's Place, Madera, CA 93636",515,14,39,Madera,80,Madera,Rural,163.9903006,0.68167761,30270,Yes,5,87,1173.471264,4,1,0.16158856,2.739254616
-118.210099,34.05977999,2253251-2223,"1100 N. State Street, Los Angeles, CA 90033",446,32,37,Los Angeles,78.2ffff,Boyle Heights Northwest/Chinatown/Downtown Northwest/Little Tokyo/Westlake,Urban,16209.12804,0.33727432,44315,Yes,5,917,105.8898582,5,0,0.001634674,0.332299999
-119.764277,36.83984198,2253228-2223,"7202 N. Millbrook Ave. Suite 105, Fresno, CA 93720",357,27,19,Fresno,35a,Fresno Northwest,Urban,3383.961781,2.19877968,99950,No,1,191.6666667,700.9669565,1,0,0.010418419,0.858571411
-119.257995,34.27452598,2253214-2223,"147 North Brent Street, Ventura, CA 93003",324,20,111,Ventura,241c,Ventura,Urban,2739.863232,1.632153,59925,No,2,262,340.1908397,2,0,0.008279773,0.609968288
-119.877845,36.837853,2253257-2223,"4770 W. Herndon Ave., Fresno, CA 93722",357,27,19,Fresno,35a,Fresno Northwest,Urban,3383.961781,2.19877968,99950,No,1,191.6666667,700.9669565,1,0,0.010418419,0.858571411
-118.185412,33.78025898,2253227-2223,"1045 Atlantic Ave Ste 708, Long Beach, CA 90813",465,33,37,Los Angeles,78.2kkk,Belmont Shore/Long Beach East/Long Beach Shoreline/Los Altos/Naples,Urban,6932.088822,0.55849889,100010,No,2,240,534.0541667,2,0,0.004755326,0.563902001
-118.217259,34.05133199,2253210-2223,"1701 E. Cesar E. Chavez Avenue, Los Angeles, CA 90033",446,32,37,Los Angeles,78.2ffff,Boyle Heights Northwest/Chinatown/Downtown Northwest/Little Tokyo/Westlake,Urban,16209.12804,0.33727432,44315,Yes,5,917,105.8898582,5,0,0.001634674,0.332299999
-119.259963,34.27412,2253178-2223,"2721 E Main St., Ventura, CA 93003",324,20,111,Ventura,241c,Ventura,Urban,2739.863232,1.632153,59925,No,2,262,340.1908397,2,0,0.008279773,0.609968288
-122.388542,40.58634998,2253288-2223,"1355 East Street, Redding, CA 96001",240,26,89,Shasta,189.2,Redding,Urban,1000.447898,1.92761619,91306,No,3,174,562.816092,3,0,0.027502025,1.039755628
-119.2939213,36.32854295,2253160-2223,"202 W Willow Ave Ste 502, Visalia, CA 93291",310,24,107,Tulare,233,Farmersville/Goshen/Visalia,Urban,944.9285908,0.60894207,74158,Yes,5,142,1045.943662,4,1,0.040688303,1.076558155
-117.165844,32.754258,2253166-2223,"200 W Arbor Dr, San Diego, CA 92103",150,25,73,San Diego,161b,Bay Park/Five Points/Hillcrest Northwest/Mission Hills/Mission Valley/Morena/Normal Heights/Old Town/Serra Mesa,Urban,5302.957947,0.65211843,81628,No,2,825,120.7321212,2,0,0.004715697,0.505206668
-117.167026,33.61499601,2253272-2223,"28078 Baxter Road, Murrieta, CA 92563",72,20,65,Riverside,131b,French Valley/Murrieta East/Temecula/Winchester,Urban,864.0639924,1.92411456,108589,Yes,5,55,2746.472727,1,4,0.041943541,0.995479377
-118.44574,34.32603902,2253219-2223,"14445 Olive View Drive, Sylmar, CA 91342",448,24,37,Los Angeles,78.2gg,Angeles National Forest West/Kagel Canyon/Lake View Terrace/San Fernando East/Sylmar,Urban,712.5301005,1.24657255,26195,No,3,135,758.7407407,3,0,0.035581199,1.573146434
-120.389985,37.97984301,2289299-2223,"193 S Fairview Ln, Sonora, CA 95370",312,4,109,Tuolumne,234.2,Columbia/Jamestown/Sonora,Rural,50.14773433,7.43391431,18930,No,3,38,523.5789474,3,0,0.113846432,2.943593543
-122.231684,37.79828801,2253211-2223,"1411 East 31st Street, Oakland, CA 94602",341,29,1,Alameda,2c,Oakland West Central,Urban,10976.16847,0.08793611,68948,Yes,5,354.5,242.1382229,5,0,0.002002612,0.387876428
-117.508533,33.80477999,2253264-2223,"21634 Retreat Parkway, Temescal Valley, CA 92883",84,21,65,Riverside,135f,Corona South/El Cerrito/Temescal,Urban,1571.535321,1.69225002,81286,No,3,67,1914.477612,1,2,0.019754194,0.737352764
-119.33212,36.23476098,2289300-2223,"2059 Hillman St, Tulare, CA 93274",307,15,107,Tulare,230,Tipton/Tulare/Woodville,Rural,220.1281827,1.00112947,31467,Yes,7,38,2008.026316,4,3,0.089478216,1.397097766
-116.182519,33.68246501,2253181-2223,"50249 Cesar Chavez St, Coachella, CA 92236",65,17,65,Riverside,128,Arabia/Coachella/Desert Beach/Flowing Wells/Indio South/La Quinta East/Mecca/Oasis/Thermal,Urban,342.596298,163.3181648,15284,Yes,9,40.5,2654.567901,5,4,0.076596051,1.730206007
-118.292063,33.830266,2253281-2223,"1000 W Carson St, Torrance, CA 90505",426,25,37,Los Angeles,78.2aaaa,Harbor Gateway South/Lomita/Torrance East Central,Urban,6190.362246,0.13029728,72080,No,2,512,223.6582031,2,0,0.00462218,0.377261181
-117.1605381,32.75335728,2253226-2223,"4094 Fifth Ave, San Diego, CA 92103",150,25,73,San Diego,161b,Bay Park/Five Points/Hillcrest Northwest/Mission Hills/Mission Valley/Morena/Normal Heights/Old Town/Serra Mesa,Urban,5302.957947,0.65211843,81628,No,2,825,120.7321212,2,0,0.004715697,0.505206668
-117.244372,33.95485398,2253282-2223,"11441 Heacock St, Suite C, Moreno Valley, Riverside  92557",85,21,65,Riverside,135g,Moreno Valley,Urban,3625.999519,1.47790946,43053,Yes,8,6,15088.33333,3,5,0.00634201,0.536480358
-118.2064778,34.05627769,2253293-2223,"2051 Marengo St, Los Angeles, Los Angeles  90033",446,32,37,Los Angeles,78.2ffff,Boyle Heights Northwest/Chinatown/Downtown Northwest/Little Tokyo/Westlake,Urban,16209.12804,0.33727432,44315,Yes,5,917,105.8898582,5,0,0.001634674,0.332299999
-118.2064778,34.05627769,2253293-2223,"2051 Marengo St, Los Angeles, Los Angeles  90033",446,32,37,Los Angeles,78.2ffff,Boyle Heights Northwest/Chinatown/Downtown Northwest/Little Tokyo/Westlake,Urban,16209.12804,0.33727432,44315,Yes,5,917,105.8898582,5,0,0.001634674,0.332299999
-122.052219,37.92606601,2253183-2223,"1450 Treat Boulevard, Walnut Creek, CA 94597",251,19,13,Contra Costa,18j,Clayton/Concord South/Walnut Creek Central and East,Urban,1509.732389,0.6176135,91025,No,1,330,309.0575758,1,0,0.017505703,0.840090212
-121.282416,37.88664802,2253195-2223,"500 West Hospital Road, French Camp, CA 95231",187,31,77,San Joaquin,169b,French Camp/Stockton South/Stockton Southeast,Urban,1568.284965,16.20096385,55734,Yes,6,134,1034.261194,5,1,0.023672387,0.867501015
-121.282252,37.95628902,2253199-2223,"701 East Channel, Stockton, CA 95202",187,31,77,San Joaquin,169b,French Camp/Stockton South/Stockton Southeast,Urban,1568.284965,16.20096385,55734,Yes,6,134,1034.261194,5,1,0.023672387,0.867501015
-121.28826,37.97041198,2253165-2223,"1800 North California Street, Stockton, CA 952044",186,20,77,San Joaquin,169a,Stockton North Central/Stockton Northeast,Urban,7088.135976,0.19981451,63155,Yes,5,182,532.1648352,5,0,0.003687086,0.417598879
-118.290149,34.097497,2253234-2223,"4650 Sunset Blvd, Los Angeles, CA 90027",447,33,37,Los Angeles,78.2g,Hollywood South Central/Inner Sunset,Urban,22439.54133,0.13156428,52412,Yes,5,757,150.9431968,5,0,0.001300042,0.208460088
-118.447052,34.06512999,2253242-2223,"200 UCLA Medical Plaza, Suite 265, Los Angeles, CA 90095",500,32,37,Los Angeles,78.2w,Century City/Cheviot Hills/Rancho Park/West Los Angeles/Westwood,Urban,10795.80423,0.14805855,121865,No,3,689,174.8708273,3,0,0.003092232,0.401984061
-119.78314,36.74644499,2253204-2223,"290 N. Wayte Ln, Fresno, CA 93701",359,20,19,Fresno,35c,Fresno West Central,Urban,6845.721182,0.49553136,35392,Yes,5,109.1666667,749.6610687,5,0,0.003206182,0.252897002
-120.413198,34.95114099,2253245-2223,"1400 East Church Street, Santa Maria, CA 93454",209,24,83,Santa Barbara,180.1,Orcutt/Santa Maria,Urban,626.540796,3.45184595,54300,No,4,123,1101.349594,3,1,0.054634369,1.547780364
-117.994914,33.82543999,2253222-2223,"3033 W Orange Ave, Anaheim, CA 92804",31,20,59,Orange,116c,Anaheim West,Urban,11058.89329,0.50759448,66083,No,4,86,1439.802326,3,1,0.002810334,0.272462208
-117.077853,32.758365,2253182-2223,"5454 El Cajon Boulevard, San Diego, CA 92115",153,21,73,San Diego,161e,College Heights/Hillcrest Southeast/Kensington/Rolando North/University Heights,Urban,10976.64131,0.34700989,69164,No,4,155,582.5677419,4,0,0.002082411,0.373036952
-117.193384,33.910621,2253275-2223,"26600 Cactus Avenue, Moreno Valley, CA 92555",78,32,65,Riverside,134,Banning/Beaumont/Cabizon/Calimesa/Cherry Valley,Urban,432.6486895,16.65625281,88572,No,4,121,1245.157025,3,1,0.084236943,1.947231308
-117.047413,32.55873598,2253263-2223,"4004 Beyer Blvd, San Ysidro, CA 92173",158,35,73,San Diego,161j,Castle Park/Chula Vista Southwest/Imperial Beach West/Nestor East/Palm City/San Ysidro/South San Diego,Urban,3339.417097,15.60301862,54210,Yes,5,87,1802.08046,3,2,0.011583168,1.778704545
-121.250509,38.76604801,2284864-2223,"1 Medical Plaza Drive, Roseville, CA 95661",57,22,61,Placer,121.2,Rocklin/Granite Bay,Urban,1324.650553,1.85493214,100032,No,1,327,343.4862385,1,0,0.022540253,0.903750588
-122.260972,37.838532,2253258-2223,"5220 Claremont Ave, Oakland, CA 94609",340,35,1,Alameda,2b,Albany/Berkeley East and North/Claremont/Cragmont/Forest Park/Rockridge/Temescal/Thousand Oaks,Urban,7322.493077,0.71529953,101155,No,1,278.5,392.8940754,1,0,0.0039637,0.488456343
-119.78314,36.74644499,2253254-2223,"290 Wayte Lane, Fresno, CA 93701",359,20,19,Fresno,35c,Fresno West Central,Urban,6845.721182,0.49553136,35392,Yes,5,109.1666667,749.6610687,5,0,0.003206182,0.252897002
-119.78314,36.74644499,2253249-2223,"290 N. Wayte Ln, Fresno, CA 93701",359,20,19,Fresno,35c,Fresno West Central,Urban,6845.721182,0.49553136,35392,Yes,5,109.1666667,749.6610687,5,0,0.003206182,0.252897002
-118.946365,35.37626,2253217-2223,"1700 Bakersfield, Bakersfield, CA 93306",393,21,29,Kern,66a,Bakersfield Northeast/Oildale,Urban,627.8763742,1.0975318,62656,No,4,199,536.9798995,4,0,0.043220388,1.31935357
-117.254792,34.13453399,2253174-2223,"1499 E Highland Ave, San Bernardino, CA 92404",128,23,71,San Bernardino,151k,Highland/San Bernardino East,Urban,4287.922478,0.50097747,53278,Yes,6,111,1065.531532,5,1,0.007192029,0.497433918
-117.193384,33.910621,2253274-2223,"26600 Cactus Ave., Moreno Valley, CA 92555",78,32,65,Riverside,134,Banning/Beaumont/Cabizon/Calimesa/Cherry Valley,Urban,432.6486895,16.65625281,88572,No,4,121,1245.157025,3,1,0.084236943,1.947231308
-120.4121896,34.95165123,2253188-2223,"235 South Palisade Drive, Santa Maria, CA 93454",209,24,83,Santa Barbara,180.1,Orcutt/Santa Maria,Urban,626.540796,3.45184595,54300,No,4,123,1101.349594,3,1,0.054634369,1.547780364
-116.542418,33.83707001,2253267-2223,"555 E Tachevah #2E-107, Palm Springs, CA 92262",69,36,65,Riverside,129.4,Cathedral City Southeast/Palm Desert North/Palm Springs South/Rancho Mirage North,Urban,466.9886161,5.02623073,70564,Yes,5,129,1089.139535,4,1,0.07367544,1.633848223
-121.940321,37.32665202,2253200-2223,"455 O'Connor Drive, Suite 200, San Jose, CA 95128",223,17,85,Santa Clara,183j,San Jose Northwest,Urban,9531.938009,0.77774166,53473,No,2,428,219.9485981,2,0,0.002541848,0.308078142
-122.7259954,38.47162251,2253184-2223,"401 Bicentennial Way, Santa Rosa, CA 95403",276,36,97,Sonoma,210.1,Santa Rosa,Urban,1102.480371,8.0073079,140493,No,2,359,540.7465181,2,0,0.046658835,1.419229067
-120.472491,37.29349799,2253189-2223,"315 East 13th Street, Merced, CA 95341",539,6,47,Merced,97.2,El Nido/Merced Southwest,Rural,88.54722876,2.53784161,9100,Yes,5,45,558.7111111,5,0,0.07986509,1.647063547
-122.207415,37.466512,2253240-2223,"3301 El Camino Real, Suite 102, Atherton, CA 94027",199,14,81,San Mateo,176b,East Menlo Park/East Palo Alto/North Fair Oaks/Redwood City East,Urban,3594.577193,0.4402245,27921,Yes,5,40,1980.1,3,2,0.005670809,0.613499322
-117.106052,33.48113002,2253276-2223,"31700 Temecula Pkwy, Pkwy Suites- GME #3, Temecula, CA 92592",73,14,65,Riverside,131c,Temecula South,Urban,537.1240961,35.92085968,66199,No,2,78,1105.179487,1,1,0.038718163,1.294424377
-118.217259,34.05133199,2253173-2223,"1701 Cesar Chavez Ave., Los Angeles, CA 90033",446,32,37,Los Angeles,78.2ffff,Boyle Heights Northwest/Chinatown/Downtown Northwest/Little Tokyo/Westlake,Urban,16209.12804,0.33727432,44315,Yes,5,917,105.8898582,5,0,0.001634674,0.332299999
-121.633162,36.69699,2253190-2223,"1441 Constitution Blvd, Salinas, CA 93906",13,32,53,Monterey,109.2,Salinas/Spreckels,Urban,3924.820734,5.3615592,38569,No,4,206,738.538835,4,0,0.010110067,0.627674238
-118.187472,33.809485,2289090-2223,"#1 450 e spring st #1, Long Beach, CA 90806",469,27,37,Los Angeles,78.2lll,Bixby Knolls/Long Beach Central,Urban,7556.453921,0.35096251,74183,No,2,274,404.1569343,2,0,0.003680429,0.408778897
-119.8184768,34.44131203,2253289-2223,"5580 Calle Real, Goleta, CA 93111",212,19,83,Santa Barbara,181b,Goleta North/Mission Canyon/Montecito/Riviera/Santa Barbara North,Urban,1031.973883,1.9053952,63946,No,1,204,402.2843137,1,0,0.019989082,1.003809205
-116.477959,33.78630602,2253215-2223,"67780 East Palm Canyon Drive, Cathedral City, CA 92234",68,11,65,Riverside,129.3,Agua Caliente/Palm Springs Central,Urban,286.1279909,1.01585497,21685,Yes,5,17,1723.705882,3,2,0.025629212,0.926805406
-117.251927,33.91075599,2253194-2223,"23520 Cactus Ave, Moreno Valley, CA 92555",80,35,65,Riverside,135b,Edgemont/Orange Crest/Woodcrest,Urban,1788.018597,1.64181428,91152,Yes,6,71,2388.028169,3,3,0.023527001,0.800383772
-121.931167,37.31426202,2253248-2223,"750 S Bascom Avenue, San Jose, CA 95128",223,17,85,Santa Clara,183j,San Jose Northwest,Urban,9531.938009,0.77774166,53473,No,2,428,219.9485981,2,0,0.002541848,0.308078142
-119.7794695,34.444785,2289223-2223,"345 Camino del Remedio, Santa Barbara, CA 93110",212,19,83,Santa Barbara,181b,Goleta North/Mission Canyon/Montecito/Riviera/Santa Barbara North,Urban,1031.973883,1.9053952,63946,No,1,204,402.2843137,1,0,0.019989082,1.003809205
-118.2231074,33.89603729,2289239-2223,"135 E Compton Boulevard Suite 131, Los Angeles, CA 90220",429,20,37,Los Angeles,78.2bbb,Compton East,Urban,11713.26535,0.53450373,23920,Yes,10,13,7075.076923,5,5,0.00195747,0.267018688
-117.96974,33.84847602,2253244-2223,"2441 W La Palma Ave, Anaheim, CA 92801",31,20,59,Orange,116c,Anaheim West,Urban,11058.89329,0.50759448,66083,No,4,86,1439.802326,3,1,0.002810334,0.272462208
-116.405687,33.76357199,2253159-2223,"39000 Bob Hope Drive, Rancho Mirage, CA 92270",66,27,65,Riverside,129.1,Bermuda Dunes South/Indian Wells/La Quinta West/Palm Desert/Rancho Mirage Central and South,Urban,944.6021104,23.82256624,71177,No,2,162,636.5679012,2,0,0.026663366,0.947407295
-119.027357,36.068777,2289330-2223,"465 W Putnam Ave, Porterville, CA 93257",308,17,107,Tulare,231,Alpaugh/Earlimart/Pixley/Porterville/Rich Grove/Terra Bella,Rural,157.0743878,3.09494337,29928,Yes,6,77,1317.207792,5,1,0.165927271,2.52848549
-117.299301,34.09693998,2253282-2223,"250  S. G. Street, San Bernardino, San Bernardino  92410",124,23,71,San Bernardino,151g,Muscoy/San Bernardino Central,Urban,5086.512783,1.48810372,40916,Yes,9,49,2560.122449,5,4,0.006289194,0.474749639
-122.207415,37.466512,2253290-2223,"3301 El Camino Real, Suite 102, Atherton, San Mateo  94027",199,14,81,San Mateo,176b,East Menlo Park/East Palo Alto/North Fair Oaks/Redwood City East,Urban,3594.577193,0.4402245,27921,Yes,5,40,1980.1,3,2,0.005670809,0.613499322
